epoch,learning_rate,step,train_loss
0,1.8576437610384744e-10,49,4.903866767883301
0,3.7531988628103363e-10,99,5.478334426879883
0,5.648753687026442e-10,149,1.9792035818099976
