epoch,learning_rate,step,train_loss
0,2.377486680416041e-06,49,7.041425704956055
